{
    "metadata":{
        "normals":26,
        "type":"Geometry",
        "generator":"io_three",
        "colors":0,
        "materials":1,
        "version":3,
        "faces":26,
        "uvs":1,
        "vertices":24
    },
    "colors":[],
    "materials":[{
        "visible":true,
        "opacity":1,
        "colorEmissive":[0,0,0],
        "vertexColors":false,
        "colorSpecular":[0.5,0.5,0.5],
        "DbgColor":15658734,
        "DbgIndex":0,
        "colorDiffuse":[0.64,0.64,0.64],
        "transparent":false,
        "shading":"phong",
        "DbgName":"Material",
        "depthTest":true,
        "depthWrite":true,
        "doubleSided":false,
        "wireframe":false,
        "specularCoef":50,
        "blending":1
    }],
    "normals":[2.22881e-07,1.91041e-07,-1,-3.02481e-07,-1.1144e-07,1,-1,-1.4328e-07,-2.38801e-07,0,1,0,1,3.184e-08,2.86561e-07,0.57735,-0.577351,-0.57735,0.57735,-0.57735,0.577351,-0.57735,-0.57735,0.57735,-0.57735,-0.577351,-0.57735,0.57735,0.57735,-0.57735,0.57735,0.577351,0.57735,-0.57735,0.577351,0.57735,-0.57735,0.577349,-0.577351,0.707107,-0.707107,3.298e-08,1.58029e-07,-0.707107,-0.707106,0.707107,-4.39733e-08,-0.707107,-5.63408e-08,-0.707107,0.707107,0.707107,2.19866e-08,0.707107,-0.707107,-0.707107,-1.45662e-07,-0.707107,1.09933e-08,0.707107,-0.707106,0,-0.707107,0.707107,0.707107,3.49038e-07,1.80016e-07,0.707106,-0.707108,-3.60032e-07,0.707108,0.707106,-0.707107,0.707107,-2.03377e-07,-5.06896e-15,-1,3.18401e-08],
    "faces":[43,12,2,9,23,0,0,1,2,3,0,0,0,0,43,4,15,19,6,0,4,1,5,6,1,1,1,1,43,7,18,21,11,0,7,8,2,9,2,2,2,2,43,13,22,20,17,0,10,11,12,13,3,3,3,3,43,0,14,16,3,0,14,1,15,16,4,4,4,4,42,0,1,2,0,14,17,18,5,5,5,42,3,4,5,0,16,19,20,6,6,6,42,6,7,8,0,6,19,21,7,7,7,42,9,10,11,0,2,22,23,8,8,8,42,12,13,14,0,0,17,24,9,9,9,42,15,16,17,0,1,25,26,10,10,10,42,18,19,20,0,8,25,26,11,11,11,42,21,22,23,0,2,22,23,12,12,12,43,0,3,5,1,0,14,16,20,17,13,13,13,13,43,1,10,9,2,0,10,27,21,28,14,14,14,14,43,14,0,2,12,0,24,29,1,0,15,15,15,15,43,4,6,8,5,0,4,6,21,30,16,16,16,16,43,3,16,15,4,0,16,15,23,19,17,17,17,17,43,7,11,10,8,0,7,9,20,30,18,18,18,18,43,6,19,18,7,0,6,5,23,19,19,19,19,19,43,11,21,23,9,0,9,2,23,19,20,20,20,20,43,13,17,16,14,0,10,13,31,30,21,21,21,21,43,12,23,22,13,0,0,3,20,17,22,22,22,22,43,17,20,19,15,0,13,12,32,33,23,23,23,23,43,20,22,21,18,0,12,11,34,22,24,24,24,24,43,1,5,8,10,0,10,11,2,27,25,25,25,25],
    "uvs":[[0.032,0.032,0.968,0.032,0.968,0.968,0.032,0.968,0.032,0.032,0.968,0.968,0.032,0.968,0.032,0.032,0.968,0.032,0.032,0.968,0.032,0.032,0.968,0.032,0.968,0.968,0.032,0.968,0.032,0.032,0.968,0.968,0.032,0.968,0,0.0320001,0.032,0,0.032,1,0,0.968,0,0.968,1,0.968,0.968,1,0.032,0,0.968,0,1,0.032,0.032,0.968,0,0.032,0.968,0,0,0.0319999,0,0.968,0.968,1,0.0320001,1,1,0.032]],
    "vertices":[1,0.0963672,-0.936,0.936,0.0323672,-0.936,0.936,0.0963672,-1,1,0.0963673,0.936,0.936,0.0963673,1,0.936,0.0323673,0.936,-0.936,0.0963673,1,-1,0.0963673,0.936,-0.936,0.0323673,0.936,-0.936,0.0963672,-1,-0.936,0.0323672,-0.936,-1,0.0963672,-0.936,0.936,1.96837,-1,0.936,2.03237,-0.936,1,1.96837,-0.936,0.935999,1.96837,1,0.999999,1.96837,0.936,0.935999,2.03237,0.936,-1,1.96837,0.936,-0.936,1.96837,1,-0.936,2.03237,0.936,-1,1.96837,-0.936,-0.936,2.03237,-0.936,-0.936,1.96837,-1]
}