{
    "metadata":{
        "uvs":0,
        "generator":"io_three",
        "type":"Geometry",
        "vertices":206,
        "version":3,
        "faces":262,
        "normals":206
    },
    "vertices":[0.996657,-0.0532294,0.16282,1.64688,-0.0532294,0.164069,1.69141,-0.0532294,0.28602,1.1897,-0.0532294,0.437633,0.261078,-0.0532294,0.390342,-1.49095,-0.0774128,0.379728,-2.12634,-0.0774128,0.163974,-2.1259,-0.0774128,0.013706,-1.5806,-0.0774128,0.0105383,-0.689571,-0.0774128,0.369266,-0.0676628,-0.0388522,-0.337601,0.0862235,-0.0388523,-0.830074,0.201739,-0.0388523,-0.83256,0.214437,-0.0388522,-0.413466,-0.0445386,-0.0388522,0.278201,-0.439997,-0.0313403,1.2586,-0.753366,-0.0313403,1.62975,-0.854512,-0.0313403,1.58972,-0.71249,-0.0313403,1.22142,-0.235192,-0.0313403,0.715799,0.897633,-0.120361,1.48255,1.25941,-0.120361,2.2448,1.12344,-0.120361,2.37599,0.64304,-0.120361,1.88676,0.186388,-0.120361,0.768655,1.43166,4.70808e-08,1.07708,1.6648,1.47293e-07,3.36968,-0.0425008,9.15607e-08,2.09467,-1.93438,1.46656e-07,3.35511,-1.38671,4.85586e-08,1.11089,-3.31868,-1.00319e-08,-0.229503,-1.08923,-2.08599e-08,-0.477219,-0.0109288,-1.11731e-07,-2.5561,2.97624,-6.21021e-09,-0.142073,0.809937,-2.35139e-08,-0.537934,-2.54977,-8.89279e-09,-0.203443,-2.62452,2.2074e-08,0.504993,0.382735,-6.35095e-08,-1.45293,-0.548028,-6.91136e-08,-1.58113,2.12196,1.52877e-08,0.349742,2.43888,-4.97687e-09,-0.113857,0.584558,1.10174e-07,2.5205,1.77797,1.20109e-07,2.74777,-1.629,9.50783e-08,2.17514,-0.80571,1.23115e-07,2.81654,-2.05066,3.85654e-08,0.882272,-1.80807,-2.22682e-08,-0.509436,-1.61835,6.09042e-08,1.39333,-0.478757,1.03092e-07,2.35846,0.140542,1.02552e-07,2.34611,1.57963,6.12443e-08,1.40111,1.74933,3.46621e-08,0.792976,1.26649,-2.34948e-08,-0.537499,0.739233,-4.80219e-08,-1.09861,-0.990013,-5.08564e-08,-1.16346,1.43166,-1.12374,1.07708,1.6648,-1.12374,3.36968,-0.0425008,-1.12374,2.09467,-1.93438,-1.12374,3.35511,-1.38671,-1.12374,1.11089,-3.31868,-1.12374,-0.229502,-1.08923,-1.12374,-0.477219,-0.0109288,-1.12374,-2.5561,2.97624,-1.12374,-0.142073,0.809937,-1.12374,-0.537934,-2.54977,-1.12374,-0.203443,-2.62452,-1.12374,0.504994,0.382735,-1.12374,-1.45293,-0.548028,-1.12374,-1.58113,2.12196,-1.12374,0.349742,2.43888,-1.12374,-0.113857,0.584558,-1.12374,2.5205,1.77797,-1.12374,2.74777,-1.629,-1.12374,2.17514,-0.80571,-1.12374,2.81654,-2.05066,-1.12374,0.882272,-1.80807,-1.12374,-0.509436,-1.61835,-1.12374,1.39333,-0.478757,-1.12374,2.35846,0.140542,-1.12374,2.34611,1.57963,-1.12374,1.40111,1.74933,-1.12374,0.792976,1.26649,-1.12374,-0.537499,0.739233,-1.12374,-1.09861,-0.990013,-1.12374,-1.16346,1.12609,-2.6527,1.00018,1.31295,-2.6527,2.8376,-0.0553818,-2.6527,1.81573,-1.57164,-2.6527,2.82592,-1.1327,-2.6527,1.02728,-2.68109,-2.6527,-0.0469857,-0.894285,-2.6527,-0.24552,-0.0300783,-2.6527,-1.91165,2.36401,-2.6527,0.0230851,0.627809,-2.6527,-0.29418,-2.06484,-2.6527,-0.0261005,-2.12476,-2.6527,0.54168,0.285426,-2.6527,-1.02751,-0.46054,-2.6527,-1.13026,1.67934,-2.6527,0.417253,1.93334,-2.6527,0.0456986,0.447178,-2.6527,2.15702,1.40364,-2.6527,2.33916,-1.32689,-2.6527,1.88023,-0.66706,-2.6527,2.39428,-1.66483,-2.6527,0.844053,-1.47041,-2.6527,-0.27134,-1.31836,-2.6527,1.25364,-0.405022,-2.6527,2.02715,0.091319,-2.6527,2.01725,1.24468,-2.6527,1.25988,1.38069,-2.6527,0.772485,0.993715,-2.6527,-0.293831,0.571143,-2.6527,-0.743539,-0.814771,-2.6527,-0.795511,0.534464,-3.97464,0.851297,0.631696,-3.97464,1.8074,-0.0803215,-3.97464,1.27567,-0.869313,-3.97464,1.80133,-0.640912,-3.97464,0.865397,-1.44662,-3.97464,0.306396,-0.51685,-3.97464,0.203088,-0.0671547,-3.97464,-0.663892,1.17862,-3.97464,0.342858,0.275181,-3.97464,0.177767,-1.12596,-3.97464,0.317264,-1.15713,-3.97464,0.612712,0.0970198,-3.97464,-0.203823,-0.291148,-3.97464,-0.257291,0.822348,-3.97464,0.547965,0.954519,-3.97464,0.354625,0.181188,-3.97464,1.45326,0.67889,-3.97464,1.54804,-0.74196,-3.97464,1.30923,-0.398612,-3.97464,1.57672,-0.917808,-3.97464,0.770053,-0.816639,-3.97464,0.189652,-0.737518,-3.97464,0.983184,-0.262259,-3.97464,1.38569,-0.003985,-3.97464,1.38053,0.596173,-3.97464,0.986428,0.666946,-3.97464,0.732812,0.465582,-3.97464,0.177949,0.245694,-3.97464,-0.0560594,-0.475474,-3.97464,-0.0831032,0.0460492,-4.4084,0.728383,0.0692917,-4.4084,0.956933,-0.10091,-4.4084,0.829827,-0.289513,-4.4084,0.955481,-0.234915,-4.4084,0.731754,-0.427514,-4.4084,0.598129,-0.205259,-4.4084,0.573434,-0.097763,-4.4084,0.366189,0.20003,-4.4084,0.606845,-0.0159305,-4.4084,0.567381,-0.350861,-4.4084,0.600727,-0.358314,-4.4084,0.671351,-0.0585184,-4.4084,0.476165,-0.151307,-4.4084,0.463384,0.114866,-4.4084,0.655874,0.14646,-4.4084,0.609658,-0.0383986,-4.4084,0.872278,0.080573,-4.4084,0.894935,-0.25907,-4.4084,0.837849,-0.176995,-4.4084,0.901791,-0.301105,-4.4084,0.708963,-0.276921,-4.4084,0.570222,-0.258008,-4.4084,0.75991,-0.144401,-4.4084,0.856125,-0.0826628,-4.4084,0.854893,0.0608003,-4.4084,0.760685,0.077718,-4.4084,0.70006,0.0295834,-4.4084,0.567425,-0.022979,-4.4084,0.511487,-0.195368,-4.4084,0.505022,0.897633,5.73538e-08,1.48255,1.25941,9.81232e-08,2.2448,1.03021,7.70146e-08,1.76189,1.12344,1.03858e-07,2.37599,0.720273,8.59111e-08,1.96542,0.64304,7.50225e-08,1.88676,0.186388,3.3599e-08,0.768655,-0.439997,4.38393e-08,1.2586,-0.71249,4.2214e-08,1.22142,-0.854512,9.37033e-08,1.58972,-0.753366,9.54529e-08,1.62975,-0.235192,2.75633e-08,0.715799,0.0862235,-4.55969e-08,-0.830074,-0.0676628,-9.16907e-09,-0.337601,0.214437,-1.24852e-08,-0.413466,-0.0445386,1.02979e-08,0.278201,0.201739,-4.57056e-08,-0.83256,-1.49095,2.4049e-08,0.379728,-1.93668,9.98264e-09,0.228376,-2.12634,2.20687e-08,0.163974,-1.89903,5.415e-10,0.0123881,-2.1259,1.55003e-08,0.013706,-1.5806,7.91123e-09,0.0105383,-0.689571,2.35917e-08,0.369266,1.64688,-2.78879e-10,0.164069,1.521,7.16113e-09,0.163827,0.996657,1.08424e-08,0.16282,1.1897,2.28548e-08,0.437633,0.261078,2.07877e-08,0.390342,1.69141,5.05175e-09,0.28602,1.57781,1.40029e-08,0.320349],
    "uvs":[],